clip,source,start_seconds
xiph_akiyo_cif_0,akiyo_cif.y4m,0.30
xiph_akiyo_cif_1,akiyo_cif.y4m,4.50
xiph_bowing_cif_0,bowing_cif.y4m,0.30
xiph_bowing_cif_1,bowing_cif.y4m,4.50
xiph_bus_cif_0,bus_cif.y4m,0.30
xiph_bus_cif_1,bus_cif.y4m,2.00
xiph_city_cif_0,city_cif.y4m,0.30
xiph_city_cif_1,city_cif.y4m,4.50
xiph_coastguard_cif_0,coastguard_cif.y4m,0.30
xiph_coastguard_cif_1,coastguard_cif.y4m,4.50
xiph_container_cif_0,container_cif.y4m,0.30
xiph_container_cif_1,container_cif.y4m,4.50
xiph_crew_cif_0,crew_cif.y4m,0.30
xiph_crew_cif_1,crew_cif.y4m,4.50
xiph_flower_cif_0,flower_cif.y4m,0.30
xiph_flower_cif_1,flower_cif.y4m,3.67
xiph_football_cif_0,football_cif.y4m,0.30
xiph_football_cif_1,football_cif.y4m,3.83
xiph_foreman_cif_0,foreman_cif.y4m,0.30
xiph_foreman_cif_1,foreman_cif.y4m,4.50
xiph_garden_sif_0,garden_sif.y4m,0.30
xiph_hall_monitor_cif_0,hall_monitor_cif.y4m,0.30
xiph_hall_monitor_cif_1,hall_monitor_cif.y4m,4.50
xiph_harbour_cif_0,harbour_cif.y4m,0.30
xiph_harbour_cif_1,harbour_cif.y4m,4.50
xiph_husky_cif_0,husky_cif.y4m,0.30
xiph_husky_cif_1,husky_cif.y4m,3.67
xiph_ice_cif_0,ice_cif.y4m,0.30
xiph_ice_cif_1,ice_cif.y4m,3.50
xiph_mobile_cif_0,mobile_cif.y4m,0.30
xiph_mobile_cif_1,mobile_cif.y4m,4.50
xiph_mother_daughter_cif_0,mother_daughter_cif.y4m,0.30
xiph_mother_daughter_cif_1,mother_daughter_cif.y4m,4.50
xiph_news_cif_0,news_cif.y4m,0.30
xiph_news_cif_1,news_cif.y4m,4.50
xiph_pamphlet_cif_0,pamphlet_cif.y4m,0.30
xiph_pamphlet_cif_1,pamphlet_cif.y4m,4.50
xiph_silent_cif_0,silent_cif.y4m,0.30
xiph_silent_cif_1,silent_cif.y4m,4.50
xiph_soccer_cif_0,soccer_cif.y4m,0.30
xiph_soccer_cif_1,soccer_cif.y4m,4.50
xiph_stefan_sif_0,stefan_sif.y4m,0.30
xiph_stefan_sif_1,stefan_sif.y4m,4.50
xiph_tempete_cif_0,tempete_cif.y4m,0.30
xiph_tempete_cif_1,tempete_cif.y4m,3.84
xiph_tennis_sif_0,tennis_sif.y4m,0.30
xiph_tennis_sif_1,tennis_sif.y4m,2.00
xiph_tt_sif_0,tt_sif.y4m,0.30
tos_000,tears_of_steel_720p.mov,237.48
tos_001,tears_of_steel_720p.mov,111.69
tos_002,tears_of_steel_720p.mov,475.34
tos_003,tears_of_steel_720p.mov,54.67
tos_004,tears_of_steel_720p.mov,391.68
tos_005,tears_of_steel_720p.mov,267.92
tos_006,tears_of_steel_720p.mov,44.17
tos_007,tears_of_steel_720p.mov,370.99
tos_008,tears_of_steel_720p.mov,29.27
tos_009,tears_of_steel_720p.mov,317.33
tos_010,tears_of_steel_720p.mov,52.80
tos_011,tears_of_steel_720p.mov,67.96
tos_012,tears_of_steel_720p.mov,310.70
tos_013,tears_of_steel_720p.mov,603.26
tos_014,tears_of_steel_720p.mov,92.02
tos_015,tears_of_steel_720p.mov,164.33
tos_016,tears_of_steel_720p.mov,458.25
tos_017,tears_of_steel_720p.mov,691.14
tos_018,tears_of_steel_720p.mov,421.65
tos_019,tears_of_steel_720p.mov,290.45
tos_020,tears_of_steel_720p.mov,711.90
tos_021,tears_of_steel_720p.mov,35.87
tos_022,tears_of_steel_720p.mov,626.25
tos_023,tears_of_steel_720p.mov,212.59
tos_024,tears_of_steel_720p.mov,106.90
tos_025,tears_of_steel_720p.mov,87.65
tos_026,tears_of_steel_720p.mov,226.32
tos_027,tears_of_steel_720p.mov,595.46
tos_028,tears_of_steel_720p.mov,133.42
tos_029,tears_of_steel_720p.mov,424.92
tos_030,tears_of_steel_720p.mov,466.60
tos_031,tears_of_steel_720p.mov,272.80
tos_032,tears_of_steel_720p.mov,400.30
tos_033,tears_of_steel_720p.mov,47.66
tos_034,tears_of_steel_720p.mov,45.34
tos_035,tears_of_steel_720p.mov,151.77
tos_036,tears_of_steel_720p.mov,496.76
tos_037,tears_of_steel_720p.mov,312.93
tos_038,tears_of_steel_720p.mov,230.44
tos_039,tears_of_steel_720p.mov,427.80
tos_040,tears_of_steel_720p.mov,331.54
tos_041,tears_of_steel_720p.mov,219.98
tos_042,tears_of_steel_720p.mov,579.65
tos_043,tears_of_steel_720p.mov,510.29
tos_044,tears_of_steel_720p.mov,179.50
tos_045,tears_of_steel_720p.mov,419.70
tos_046,tears_of_steel_720p.mov,383.91
tos_047,tears_of_steel_720p.mov,638.37
tos_048,tears_of_steel_720p.mov,532.43
tos_049,tears_of_steel_720p.mov,211.38
tos_050,tears_of_steel_720p.mov,714.75
tos_051,tears_of_steel_720p.mov,87.85
tos_052,tears_of_steel_720p.mov,306.04
tos_053,tears_of_steel_720p.mov,552.57
tos_054,tears_of_steel_720p.mov,112.52
tos_055,tears_of_steel_720p.mov,357.56
tos_056,tears_of_steel_720p.mov,30.51
tos_057,tears_of_steel_720p.mov,487.90
tos_058,tears_of_steel_720p.mov,557.97
tos_059,tears_of_steel_720p.mov,418.69
tos_060,tears_of_steel_720p.mov,638.62
tos_061,tears_of_steel_720p.mov,230.15
tos_062,tears_of_steel_720p.mov,507.60
tos_063,tears_of_steel_720p.mov,434.21
tos_064,tears_of_steel_720p.mov,423.68
tos_065,tears_of_steel_720p.mov,333.74
tos_066,tears_of_steel_720p.mov,612.80
tos_067,tears_of_steel_720p.mov,688.94
tos_068,tears_of_steel_720p.mov,346.75
tos_069,tears_of_steel_720p.mov,484.95
tos_070,tears_of_steel_720p.mov,46.12
tos_071,tears_of_steel_720p.mov,512.10
tos_072,tears_of_steel_720p.mov,472.57
tos_073,tears_of_steel_720p.mov,724.15
tos_074,tears_of_steel_720p.mov,599.68
tos_075,tears_of_steel_720p.mov,208.95
tos_076,tears_of_steel_720p.mov,282.53
tos_077,tears_of_steel_720p.mov,488.22
tos_078,tears_of_steel_720p.mov,18.41
tos_079,tears_of_steel_720p.mov,337.73
tos_080,tears_of_steel_720p.mov,124.20
tos_081,tears_of_steel_720p.mov,87.15
tos_082,tears_of_steel_720p.mov,44.87
tos_083,tears_of_steel_720p.mov,560.63
tos_084,tears_of_steel_720p.mov,96.05
tos_085,tears_of_steel_720p.mov,182.06
tos_086,tears_of_steel_720p.mov,286.29
tos_087,tears_of_steel_720p.mov,635.67
tos_088,tears_of_steel_720p.mov,60.60
tos_089,tears_of_steel_720p.mov,328.63
tos_090,tears_of_steel_720p.mov,401.53
tos_091,tears_of_steel_720p.mov,644.37
tos_092,tears_of_steel_720p.mov,597.75
tos_093,tears_of_steel_720p.mov,630.26
tos_094,tears_of_steel_720p.mov,204.46
tos_095,tears_of_steel_720p.mov,303.99
tos_096,tears_of_steel_720p.mov,262.89
tos_097,tears_of_steel_720p.mov,644.96
tos_098,tears_of_steel_720p.mov,698.43
tos_099,tears_of_steel_720p.mov,111.74
tos_100,tears_of_steel_720p.mov,130.14
tos_101,tears_of_steel_720p.mov,170.67
tos_102,tears_of_steel_720p.mov,171.67
tos_103,tears_of_steel_720p.mov,354.65
tos_104,tears_of_steel_720p.mov,430.39
tos_105,tears_of_steel_720p.mov,193.06
tos_106,tears_of_steel_720p.mov,4.98
tos_107,tears_of_steel_720p.mov,306.64
tos_108,tears_of_steel_720p.mov,270.51
tos_109,tears_of_steel_720p.mov,413.82
tos_110,tears_of_steel_720p.mov,695.06
tos_111,tears_of_steel_720p.mov,504.10
tos_112,tears_of_steel_720p.mov,376.85
tos_113,tears_of_steel_720p.mov,451.09
tos_114,tears_of_steel_720p.mov,493.71
tos_115,tears_of_steel_720p.mov,41.26
tos_116,tears_of_steel_720p.mov,656.11
tos_117,tears_of_steel_720p.mov,569.17
tos_118,tears_of_steel_720p.mov,637.92
tos_119,tears_of_steel_720p.mov,582.19
tos_120,tears_of_steel_720p.mov,287.32
tos_121,tears_of_steel_720p.mov,292.12
tos_122,tears_of_steel_720p.mov,77.29
tos_123,tears_of_steel_720p.mov,463.23
tos_124,tears_of_steel_720p.mov,47.26
tos_125,tears_of_steel_720p.mov,50.97
tos_126,tears_of_steel_720p.mov,153.81
tos_127,tears_of_steel_720p.mov,120.02
tos_128,tears_of_steel_720p.mov,249.28
tos_129,tears_of_steel_720p.mov,40.23
tos_130,tears_of_steel_720p.mov,2.17
tos_131,tears_of_steel_720p.mov,111.99
tos_132,tears_of_steel_720p.mov,75.78
tos_133,tears_of_steel_720p.mov,266.41
tos_134,tears_of_steel_720p.mov,20.54
tos_135,tears_of_steel_720p.mov,637.79
tos_136,tears_of_steel_720p.mov,448.53
tos_137,tears_of_steel_720p.mov,110.02
tos_138,tears_of_steel_720p.mov,185.43
tos_139,tears_of_steel_720p.mov,254.61
tos_140,tears_of_steel_720p.mov,266.81
tos_141,tears_of_steel_720p.mov,91.33
tos_142,tears_of_steel_720p.mov,619.32
tos_143,tears_of_steel_720p.mov,724.15
tos_144,tears_of_steel_720p.mov,340.85
tos_145,tears_of_steel_720p.mov,353.83
tos_146,tears_of_steel_720p.mov,64.45
tos_147,tears_of_steel_720p.mov,76.31
tos_148,tears_of_steel_720p.mov,251.15
tos_149,tears_of_steel_720p.mov,194.52
bbb_000,Big_Buck_Bunny_4K.webm.480p.vp9.webm,522.17
bbb_001,Big_Buck_Bunny_4K.webm.480p.vp9.webm,103.31
bbb_002,Big_Buck_Bunny_4K.webm.480p.vp9.webm,16.49
bbb_003,Big_Buck_Bunny_4K.webm.480p.vp9.webm,598.81
bbb_004,Big_Buck_Bunny_4K.webm.480p.vp9.webm,333.52
bbb_005,Big_Buck_Bunny_4K.webm.480p.vp9.webm,94.00
bbb_006,Big_Buck_Bunny_4K.webm.480p.vp9.webm,342.88
bbb_007,Big_Buck_Bunny_4K.webm.480p.vp9.webm,18.97
bbb_008,Big_Buck_Bunny_4K.webm.480p.vp9.webm,333.43
bbb_009,Big_Buck_Bunny_4K.webm.480p.vp9.webm,616.08
bbb_010,Big_Buck_Bunny_4K.webm.480p.vp9.webm,543.80
bbb_011,Big_Buck_Bunny_4K.webm.480p.vp9.webm,438.91
bbb_012,Big_Buck_Bunny_4K.webm.480p.vp9.webm,165.87
bbb_013,Big_Buck_Bunny_4K.webm.480p.vp9.webm,232.13
bbb_014,Big_Buck_Bunny_4K.webm.480p.vp9.webm,106.83
bbb_015,Big_Buck_Bunny_4K.webm.480p.vp9.webm,486.45
bbb_016,Big_Buck_Bunny_4K.webm.480p.vp9.webm,336.24
bbb_017,Big_Buck_Bunny_4K.webm.480p.vp9.webm,490.91
bbb_018,Big_Buck_Bunny_4K.webm.480p.vp9.webm,208.89
bbb_019,Big_Buck_Bunny_4K.webm.480p.vp9.webm,141.97
bbb_020,Big_Buck_Bunny_4K.webm.480p.vp9.webm,511.28
bbb_021,Big_Buck_Bunny_4K.webm.480p.vp9.webm,620.11
bbb_022,Big_Buck_Bunny_4K.webm.480p.vp9.webm,537.09
bbb_023,Big_Buck_Bunny_4K.webm.480p.vp9.webm,507.87
bbb_024,Big_Buck_Bunny_4K.webm.480p.vp9.webm,515.56
bbb_025,Big_Buck_Bunny_4K.webm.480p.vp9.webm,466.32
bbb_026,Big_Buck_Bunny_4K.webm.480p.vp9.webm,144.30
bbb_027,Big_Buck_Bunny_4K.webm.480p.vp9.webm,326.86
bbb_028,Big_Buck_Bunny_4K.webm.480p.vp9.webm,225.14
bbb_029,Big_Buck_Bunny_4K.webm.480p.vp9.webm,20.19
bbb_030,Big_Buck_Bunny_4K.webm.480p.vp9.webm,19.53
bbb_031,Big_Buck_Bunny_4K.webm.480p.vp9.webm,177.35
bbb_032,Big_Buck_Bunny_4K.webm.480p.vp9.webm,164.65
bbb_033,Big_Buck_Bunny_4K.webm.480p.vp9.webm,436.61
bbb_034,Big_Buck_Bunny_4K.webm.480p.vp9.webm,602.28
bbb_035,Big_Buck_Bunny_4K.webm.480p.vp9.webm,282.67
bbb_036,Big_Buck_Bunny_4K.webm.480p.vp9.webm,590.05
bbb_037,Big_Buck_Bunny_4K.webm.480p.vp9.webm,622.06
bbb_038,Big_Buck_Bunny_4K.webm.480p.vp9.webm,601.33
bbb_039,Big_Buck_Bunny_4K.webm.480p.vp9.webm,230.83
bbb_040,Big_Buck_Bunny_4K.webm.480p.vp9.webm,140.36
bbb_041,Big_Buck_Bunny_4K.webm.480p.vp9.webm,144.36
bbb_042,Big_Buck_Bunny_4K.webm.480p.vp9.webm,125.45
bbb_043,Big_Buck_Bunny_4K.webm.480p.vp9.webm,130.26
bbb_044,Big_Buck_Bunny_4K.webm.480p.vp9.webm,393.65
bbb_045,Big_Buck_Bunny_4K.webm.480p.vp9.webm,567.01
bbb_046,Big_Buck_Bunny_4K.webm.480p.vp9.webm,529.43
bbb_047,Big_Buck_Bunny_4K.webm.480p.vp9.webm,302.90
bbb_048,Big_Buck_Bunny_4K.webm.480p.vp9.webm,411.79
bbb_049,Big_Buck_Bunny_4K.webm.480p.vp9.webm,503.83
bbb_050,Big_Buck_Bunny_4K.webm.480p.vp9.webm,55.20
bbb_051,Big_Buck_Bunny_4K.webm.480p.vp9.webm,416.56
bbb_052,Big_Buck_Bunny_4K.webm.480p.vp9.webm,572.95
bbb_053,Big_Buck_Bunny_4K.webm.480p.vp9.webm,492.95
bbb_054,Big_Buck_Bunny_4K.webm.480p.vp9.webm,472.77
bbb_055,Big_Buck_Bunny_4K.webm.480p.vp9.webm,302.00
bbb_056,Big_Buck_Bunny_4K.webm.480p.vp9.webm,114.04
bbb_057,Big_Buck_Bunny_4K.webm.480p.vp9.webm,497.24
bbb_058,Big_Buck_Bunny_4K.webm.480p.vp9.webm,210.68
bbb_059,Big_Buck_Bunny_4K.webm.480p.vp9.webm,504.57
bbb_060,Big_Buck_Bunny_4K.webm.480p.vp9.webm,611.78
bbb_061,Big_Buck_Bunny_4K.webm.480p.vp9.webm,250.42
bbb_062,Big_Buck_Bunny_4K.webm.480p.vp9.webm,253.90
bbb_063,Big_Buck_Bunny_4K.webm.480p.vp9.webm,596.18
bbb_064,Big_Buck_Bunny_4K.webm.480p.vp9.webm,456.86
bbb_065,Big_Buck_Bunny_4K.webm.480p.vp9.webm,108.69
bbb_066,Big_Buck_Bunny_4K.webm.480p.vp9.webm,81.73
bbb_067,Big_Buck_Bunny_4K.webm.480p.vp9.webm,96.86
bbb_068,Big_Buck_Bunny_4K.webm.480p.vp9.webm,569.86
bbb_069,Big_Buck_Bunny_4K.webm.480p.vp9.webm,508.14
bbb_070,Big_Buck_Bunny_4K.webm.480p.vp9.webm,93.73
bbb_071,Big_Buck_Bunny_4K.webm.480p.vp9.webm,520.69
bbb_072,Big_Buck_Bunny_4K.webm.480p.vp9.webm,617.21
bbb_073,Big_Buck_Bunny_4K.webm.480p.vp9.webm,414.48
bbb_074,Big_Buck_Bunny_4K.webm.480p.vp9.webm,221.91
bbb_075,Big_Buck_Bunny_4K.webm.480p.vp9.webm,346.32
bbb_076,Big_Buck_Bunny_4K.webm.480p.vp9.webm,84.20
bbb_077,Big_Buck_Bunny_4K.webm.480p.vp9.webm,10.94
bbb_078,Big_Buck_Bunny_4K.webm.480p.vp9.webm,611.30
bbb_079,Big_Buck_Bunny_4K.webm.480p.vp9.webm,409.72
bbb_080,Big_Buck_Bunny_4K.webm.480p.vp9.webm,332.47
bbb_081,Big_Buck_Bunny_4K.webm.480p.vp9.webm,587.92
bbb_082,Big_Buck_Bunny_4K.webm.480p.vp9.webm,274.25
bbb_083,Big_Buck_Bunny_4K.webm.480p.vp9.webm,549.08
bbb_084,Big_Buck_Bunny_4K.webm.480p.vp9.webm,520.47
bbb_085,Big_Buck_Bunny_4K.webm.480p.vp9.webm,134.44
bbb_086,Big_Buck_Bunny_4K.webm.480p.vp9.webm,160.04
bbb_087,Big_Buck_Bunny_4K.webm.480p.vp9.webm,185.86
bbb_088,Big_Buck_Bunny_4K.webm.480p.vp9.webm,152.96
bbb_089,Big_Buck_Bunny_4K.webm.480p.vp9.webm,370.03
bbb_090,Big_Buck_Bunny_4K.webm.480p.vp9.webm,164.77
bbb_091,Big_Buck_Bunny_4K.webm.480p.vp9.webm,264.96
bbb_092,Big_Buck_Bunny_4K.webm.480p.vp9.webm,84.26
bbb_093,Big_Buck_Bunny_4K.webm.480p.vp9.webm,573.10
bbb_094,Big_Buck_Bunny_4K.webm.480p.vp9.webm,224.02
bbb_095,Big_Buck_Bunny_4K.webm.480p.vp9.webm,289.53
bbb_096,Big_Buck_Bunny_4K.webm.480p.vp9.webm,368.09
bbb_097,Big_Buck_Bunny_4K.webm.480p.vp9.webm,569.51
bbb_098,Big_Buck_Bunny_4K.webm.480p.vp9.webm,265.97
bbb_099,Big_Buck_Bunny_4K.webm.480p.vp9.webm,577.94
bbb_100,Big_Buck_Bunny_4K.webm.480p.vp9.webm,316.82
bbb_101,Big_Buck_Bunny_4K.webm.480p.vp9.webm,335.76
bbb_102,Big_Buck_Bunny_4K.webm.480p.vp9.webm,330.54
bbb_103,Big_Buck_Bunny_4K.webm.480p.vp9.webm,13.74
bbb_104,Big_Buck_Bunny_4K.webm.480p.vp9.webm,278.21
bbb_105,Big_Buck_Bunny_4K.webm.480p.vp9.webm,116.91
bbb_106,Big_Buck_Bunny_4K.webm.480p.vp9.webm,4.47
bbb_107,Big_Buck_Bunny_4K.webm.480p.vp9.webm,503.54
bbb_108,Big_Buck_Bunny_4K.webm.480p.vp9.webm,110.16
bbb_109,Big_Buck_Bunny_4K.webm.480p.vp9.webm,299.15
bbb_110,Big_Buck_Bunny_4K.webm.480p.vp9.webm,457.11
bbb_111,Big_Buck_Bunny_4K.webm.480p.vp9.webm,351.23
bbb_112,Big_Buck_Bunny_4K.webm.480p.vp9.webm,206.58
bbb_113,Big_Buck_Bunny_4K.webm.480p.vp9.webm,327.30
bbb_114,Big_Buck_Bunny_4K.webm.480p.vp9.webm,350.58
bbb_115,Big_Buck_Bunny_4K.webm.480p.vp9.webm,494.19
bbb_116,Big_Buck_Bunny_4K.webm.480p.vp9.webm,68.59
bbb_117,Big_Buck_Bunny_4K.webm.480p.vp9.webm,353.63
bbb_118,Big_Buck_Bunny_4K.webm.480p.vp9.webm,157.95
bbb_119,Big_Buck_Bunny_4K.webm.480p.vp9.webm,175.79
bbb_120,Big_Buck_Bunny_4K.webm.480p.vp9.webm,486.65
bbb_121,Big_Buck_Bunny_4K.webm.480p.vp9.webm,320.63
bbb_122,Big_Buck_Bunny_4K.webm.480p.vp9.webm,354.53
bbb_123,Big_Buck_Bunny_4K.webm.480p.vp9.webm,478.95
bbb_124,Big_Buck_Bunny_4K.webm.480p.vp9.webm,574.65
bbb_125,Big_Buck_Bunny_4K.webm.480p.vp9.webm,280.17
bbb_126,Big_Buck_Bunny_4K.webm.480p.vp9.webm,386.40
bbb_127,Big_Buck_Bunny_4K.webm.480p.vp9.webm,319.27
bbb_128,Big_Buck_Bunny_4K.webm.480p.vp9.webm,323.42
bbb_129,Big_Buck_Bunny_4K.webm.480p.vp9.webm,436.74
bbb_130,Big_Buck_Bunny_4K.webm.480p.vp9.webm,285.88
bbb_131,Big_Buck_Bunny_4K.webm.480p.vp9.webm,336.67
bbb_132,Big_Buck_Bunny_4K.webm.480p.vp9.webm,302.00
bbb_133,Big_Buck_Bunny_4K.webm.480p.vp9.webm,592.86
bbb_134,Big_Buck_Bunny_4K.webm.480p.vp9.webm,440.81
bbb_135,Big_Buck_Bunny_4K.webm.480p.vp9.webm,552.09
bbb_136,Big_Buck_Bunny_4K.webm.480p.vp9.webm,593.29
bbb_137,Big_Buck_Bunny_4K.webm.480p.vp9.webm,164.91
bbb_138,Big_Buck_Bunny_4K.webm.480p.vp9.webm,353.13
bbb_139,Big_Buck_Bunny_4K.webm.480p.vp9.webm,593.97
bbb_140,Big_Buck_Bunny_4K.webm.480p.vp9.webm,529.16
bbb_141,Big_Buck_Bunny_4K.webm.480p.vp9.webm,88.06
bbb_142,Big_Buck_Bunny_4K.webm.480p.vp9.webm,78.33
bbb_143,Big_Buck_Bunny_4K.webm.480p.vp9.webm,279.46
bbb_144,Big_Buck_Bunny_4K.webm.480p.vp9.webm,47.53
bbb_145,Big_Buck_Bunny_4K.webm.480p.vp9.webm,153.02
bbb_146,Big_Buck_Bunny_4K.webm.480p.vp9.webm,47.89
bbb_147,Big_Buck_Bunny_4K.webm.480p.vp9.webm,422.14
bbb_148,Big_Buck_Bunny_4K.webm.480p.vp9.webm,493.98
bbb_149,Big_Buck_Bunny_4K.webm.480p.vp9.webm,564.95
sintel_000,sintel_trailer-480p.mp4,8.98
sintel_001,sintel_trailer-480p.mp4,34.37
sintel_002,sintel_trailer-480p.mp4,31.85
sintel_003,sintel_trailer-480p.mp4,8.46
sintel_004,sintel_trailer-480p.mp4,41.91
sintel_005,sintel_trailer-480p.mp4,45.74
sintel_006,sintel_trailer-480p.mp4,11.93
sintel_007,sintel_trailer-480p.mp4,45.06
sintel_008,sintel_trailer-480p.mp4,20.00
sintel_009,sintel_trailer-480p.mp4,24.03
sintel_010,sintel_trailer-480p.mp4,46.75
sintel_011,sintel_trailer-480p.mp4,39.63
sintel_012,sintel_trailer-480p.mp4,9.30
sintel_013,sintel_trailer-480p.mp4,21.51
sintel_014,sintel_trailer-480p.mp4,25.31
